City_ID,City,Country,Date,Lat,Lng,Max Temp,Humidity,Cloudiness,Wind Speed
0,Qaanaaq,GL,2021-10-11 00:24:56,77.484,-69.3632,29.79,86,100,8.39
1,Port Elizabeth,ZA,2021-10-11 00:24:47,-33.918,25.5701,59.29,77,0,11.5
2,Hamilton,US,2021-10-11 00:24:01,39.1834,-84.5333,76.39,76,1,1.01
3,Cockburn Town,TC,2021-10-11 00:28:17,21.4612,-71.1419,82.36,69,40,9.22
4,Atar,MR,2021-10-11 00:28:17,20.5169,-13.0499,84.81,20,1,4.25
5,Fairbanks,US,2021-10-11 00:26:40,64.8378,-147.7164,37.6,94,90,4.61
6,Canto Do Buriti,BR,2021-10-11 00:28:17,-8.11,-42.9444,84.63,30,86,5.1
7,Mahebourg,MU,2021-10-11 00:28:18,-20.4081,57.7,73.69,88,75,11.5
8,Nanakuli,US,2021-10-11 00:28:18,21.3906,-158.1547,85.95,52,40,10.36
9,Bengkulu,ID,2021-10-11 00:28:18,-3.8004,102.2655,76.06,90,92,5.26
10,Hilo,US,2021-10-11 00:28:19,19.7297,-155.09,80.33,78,75,10.36
11,Rikitea,PF,2021-10-11 00:28:19,-23.1203,-134.9692,74.82,79,98,17.83
12,Srednekolymsk,RU,2021-10-11 00:28:19,67.45,153.6833,19.76,76,29,2.91
13,Sao Filipe,CV,2021-10-11 00:28:20,14.8961,-24.4956,80.28,73,0,3.51
14,Albany,US,2021-10-11 00:28:20,42.6001,-73.9662,62.1,88,87,1.01
15,Mar Del Plata,AR,2021-10-11 00:25:53,-38.0023,-57.5575,58.08,60,40,10.0
16,Punta Arenas,CL,2021-10-11 00:28:20,-53.15,-70.9167,46.51,49,20,32.21
17,East London,ZA,2021-10-11 00:28:21,-33.0153,27.9116,59.4,68,13,18.57
18,Mataura,NZ,2021-10-11 00:28:21,-46.1927,168.8643,47.48,98,100,5.75
19,Victoria,HK,2021-10-11 00:26:14,22.2855,114.1577,83.32,80,87,7.0
20,Omagh,GB,2021-10-11 00:28:21,54.6,-7.3,44.87,97,100,3.6
21,Launceston,AU,2021-10-11 00:28:22,-41.45,147.1667,56.61,49,3,4.0
22,Guerrero Negro,MX,2021-10-11 00:28:22,27.9769,-114.0611,75.07,59,0,15.99
23,Torbay,CA,2021-10-11 00:28:22,47.6666,-52.7314,43.29,84,40,14.97
24,Kieta,PG,2021-10-11 00:28:23,-6.2167,155.6333,84.99,65,87,6.35
25,Naliya,IN,2021-10-11 00:28:23,23.2667,68.8333,79.75,74,0,7.02
26,Zhezkazgan,KZ,2021-10-11 00:28:23,47.8043,67.7144,45.75,53,97,11.9
27,Mercedes,AR,2021-10-11 00:28:24,-34.6515,-59.4307,63.86,84,100,9.62
28,Bethel,US,2021-10-11 00:28:24,41.3712,-73.414,62.96,88,90,1.01
29,Buraydah,SA,2021-10-11 00:28:24,26.326,43.975,73.85,17,0,6.35
30,Lebu,CL,2021-10-11 00:28:25,-37.6167,-73.65,50.52,88,9,13.24
31,Barrow,US,2021-10-11 00:28:25,71.2906,-156.7887,26.62,80,75,8.05
32,Kruisfontein,ZA,2021-10-11 00:24:42,-34.0033,24.7314,48.88,74,37,6.04
33,Cape Town,ZA,2021-10-11 00:28:26,-33.9258,18.4232,64.11,86,0,3.44
34,Krasnoselkup,RU,2021-10-11 00:24:12,65.7,82.4667,25.0,82,52,11.27
35,Sandwick,GB,2021-10-11 00:28:26,60.0,-1.25,46.22,81,75,18.41
36,Ushuaia,AR,2021-10-11 00:28:26,-54.8,-68.3,44.22,75,75,23.02
37,Padang,ID,2021-10-11 00:28:27,-0.9492,100.3543,75.09,93,100,2.01
38,Puerto Escondido,MX,2021-10-11 00:28:27,15.85,-97.0667,85.03,61,40,10.36
39,Busselton,AU,2021-10-11 00:28:27,-33.65,115.3333,61.05,82,98,17.54
40,Camacha,PT,2021-10-11 00:28:28,33.0833,-16.3333,67.42,64,20,13.8
41,Qasigiannguit,GL,2021-10-11 00:28:28,68.8193,-51.1922,32.25,86,100,3.74
42,Pisco,PE,2021-10-11 00:28:28,-13.7,-76.2167,62.65,82,0,8.05
43,Cururupu,BR,2021-10-11 00:23:41,-1.8283,-44.8683,77.31,85,30,4.54
44,Iqaluit,CA,2021-10-11 00:28:29,63.7506,-68.5145,33.53,86,20,1.99
45,Svetlyy,RU,2021-10-11 00:28:29,54.675,20.1347,35.65,67,0,10.54
46,Puerto Ayora,EC,2021-10-11 00:24:18,-0.7393,-90.3518,69.55,88,61,5.01
47,Flinders,AU,2021-10-11 00:28:30,-34.5833,150.8552,62.06,71,100,7.0
48,Waipawa,NZ,2021-10-11 00:28:30,-41.4122,175.5153,59.45,57,58,19.66
49,Nouakchott,MR,2021-10-11 00:27:25,18.0858,-15.9785,80.53,69,0,18.52
50,Kapaa,US,2021-10-11 00:28:30,22.0752,-159.319,84.18,70,20,5.01
51,Tiksi,RU,2021-10-11 00:24:39,71.6872,128.8694,29.21,97,100,8.1
52,Bluff,NZ,2021-10-11 00:24:16,-46.6,168.3333,47.8,90,100,9.31
53,Nome,US,2021-10-11 00:28:31,64.5011,-165.4064,40.15,69,1,4.61
54,Teguise,ES,2021-10-11 00:28:31,29.0605,-13.564,70.02,68,75,8.05
55,Husavik,IS,2021-10-11 00:28:31,66.0449,-17.3389,37.31,96,100,2.57
56,Hermanus,ZA,2021-10-11 00:28:31,-34.4187,19.2345,63.9,62,98,7.49
57,Hasaki,JP,2021-10-11 00:28:32,35.7333,140.8333,79.29,67,35,15.12
58,Canakkale,TR,2021-10-11 00:28:32,40.0833,26.8333,57.81,95,100,6.46
59,Bambous Virieux,MU,2021-10-11 00:28:32,-20.3428,57.7575,73.65,88,75,11.5
60,Laguna,US,2021-10-11 00:28:33,38.421,-121.4238,82.49,29,1,3.0
61,Butaritari,KI,2021-10-11 00:28:33,3.0707,172.7902,81.75,65,31,8.68
62,Zhangye,CN,2021-10-11 00:28:34,38.9342,100.4517,47.35,38,0,0.58
63,Bredasdorp,ZA,2021-10-11 00:28:35,-34.5322,20.0403,56.28,87,85,4.61
64,Chokurdakh,RU,2021-10-11 00:28:35,70.6333,147.9167,19.63,88,100,6.06
65,Arecibo,PR,2021-10-11 00:28:35,18.4724,-66.7157,81.59,92,20,13.67
66,Kavieng,PG,2021-10-11 00:28:36,-2.5744,150.7967,84.13,69,54,6.33
67,Yelizovo,RU,2021-10-11 00:28:36,53.1873,158.3805,41.14,100,90,20.13
68,Calabozo,VE,2021-10-11 00:28:36,8.9242,-67.4293,81.54,72,97,3.11
69,Kenai,US,2021-10-11 00:26:12,60.5544,-151.2583,48.02,71,1,17.27
70,Conneaut,US,2021-10-11 00:28:37,41.9476,-80.5542,71.2,77,73,14.65
71,Nuristan,AF,2021-10-11 00:28:37,35.3,70.8333,31.53,56,0,5.68
72,Jamestown,US,2021-10-11 00:28:37,42.097,-79.2353,65.79,84,1,5.01
73,Berbera,SO,2021-10-11 00:28:38,10.4396,45.0143,86.99,69,31,6.24
74,Canutama,BR,2021-10-11 00:28:38,-6.5339,-64.3831,83.16,57,59,2.15
75,Coihaique,CL,2021-10-11 00:27:02,-45.5752,-72.0662,49.95,71,75,3.44
76,Castro,BR,2021-10-11 00:28:38,-24.7911,-50.0119,56.44,97,99,11.95
77,Yellowknife,CA,2021-10-11 00:24:21,62.456,-114.3525,35.42,100,90,8.01
78,Maragogi,BR,2021-10-11 00:25:24,-9.0122,-35.2225,76.3,82,75,8.5
79,Hithadhoo,MV,2021-10-11 00:28:39,-0.6,73.0833,82.72,68,99,15.14
80,Zheleznodorozhnyy,RU,2021-10-11 00:28:39,55.7503,38.0042,41.22,67,19,4.32
81,Noramarg,AM,2021-10-11 00:28:40,40.0238,44.424,44.92,81,0,0.0
82,Ouesso,CG,2021-10-11 00:28:40,1.6136,16.0517,70.27,99,99,0.04
83,Adrar,MR,2021-10-11 00:24:44,20.5022,-10.0711,85.53,13,91,4.81
84,Klaksvik,FO,2021-10-11 00:28:41,62.2266,-6.589,41.92,82,98,12.15
85,Saint-Pierre,RE,2021-10-11 00:28:41,-21.3393,55.4781,71.24,71,0,5.75
86,Yermakovskoye,RU,2021-10-11 00:28:42,53.2831,92.4003,42.62,60,100,2.73
87,Vilyuysk,RU,2021-10-11 00:28:42,63.7553,121.6247,32.31,87,96,12.08
88,Portland,US,2021-10-11 00:27:44,45.5234,-122.6762,57.61,66,75,5.01
89,Libertador General San Martin,AR,2021-10-11 00:28:42,-23.8064,-64.7876,73.94,75,22,3.56
90,Clyde River,CA,2021-10-11 00:28:43,70.4692,-68.5914,32.4,77,100,3.87
91,Provideniya,RU,2021-10-11 00:28:43,64.3833,-173.3,33.91,80,90,8.95
92,Arraial Do Cabo,BR,2021-10-11 00:28:43,-22.9661,-42.0278,67.73,85,100,21.79
93,Betioky,MG,2021-10-11 00:28:44,-23.7167,44.3833,63.57,92,23,5.39
94,Caravelas,BR,2021-10-11 00:25:09,-17.7125,-39.2481,72.41,92,99,5.75
95,Talara,PE,2021-10-11 00:28:44,-4.5772,-81.2719,65.12,89,31,14.0
96,Carnarvon,AU,2021-10-11 00:28:44,-24.8667,113.6333,68.07,68,0,18.41
97,Alekseyevsk,RU,2021-10-11 00:28:45,57.8406,108.3492,39.85,93,100,12.97
98,Sioux Lookout,CA,2021-10-11 00:28:45,50.1001,-91.917,60.87,94,90,8.05
99,Port Hardy,CA,2021-10-11 00:28:45,50.6996,-127.4199,50.0,81,75,4.61
100,Bouna,CI,2021-10-11 00:28:46,9.2667,-3.0,73.87,90,95,4.16
101,Hovd,MN,2021-10-11 00:28:46,48.0056,91.6419,34.21,34,56,1.59
102,Souillac,MU,2021-10-11 00:28:46,-20.5167,57.5167,73.78,88,75,11.5
103,Miyako,JP,2021-10-11 00:28:47,39.6367,141.9525,73.99,73,98,7.38
104,Suntar,RU,2021-10-11 00:28:47,62.1444,117.6319,33.31,72,100,13.71
105,Saldanha,ZA,2021-10-11 00:26:16,-33.0117,17.9442,55.45,49,89,8.16
106,Mareeba,AU,2021-10-11 00:28:48,-17.0,145.4333,84.33,57,18,1.95
107,Georgetown,MY,2021-10-11 00:28:48,5.4112,100.3354,80.89,87,20,1.01
108,Darhan,MN,2021-10-11 00:28:48,49.4867,105.9228,37.04,56,4,4.79
109,Ponta Do Sol,PT,2021-10-11 00:28:48,32.6667,-17.1,70.72,68,17,5.08
110,Sungaipenuh,ID,2021-10-11 00:26:07,-2.0833,101.3833,64.62,99,100,2.42
111,Te Anau,NZ,2021-10-11 00:28:49,-45.4167,167.7167,37.0,99,100,2.55
112,Ponta Delgada,PT,2021-10-11 00:28:49,37.7333,-25.6667,72.32,88,75,8.05
113,Mayo,US,2021-10-11 00:28:50,38.8876,-76.5119,69.12,91,90,7.0
114,Bahar,IR,2021-10-11 00:28:50,34.9072,48.4414,48.15,53,0,4.92
115,Two Hills,CA,2021-10-11 00:28:50,53.7169,-111.7518,43.52,100,100,17.27
116,Bainbridge,US,2021-10-11 00:28:50,47.6262,-122.5212,55.58,78,75,1.01
117,Dikson,RU,2021-10-11 00:24:41,73.5069,80.5464,29.55,65,100,20.4
118,Ilulissat,GL,2021-10-11 00:27:44,69.2167,-51.1,32.02,86,75,0.0
119,Cayenne,GF,2021-10-11 00:28:51,4.9333,-52.3333,83.08,83,0,3.0
120,Bandarbeyla,SO,2021-10-11 00:28:51,9.4942,50.8122,78.91,86,82,21.9
121,Whitianga,NZ,2021-10-11 00:28:51,-36.8333,175.7,64.02,55,14,10.78
122,Port Alfred,ZA,2021-10-11 00:24:13,-33.5906,26.891,58.3,74,23,20.71
123,Coffeyville,US,2021-10-11 00:28:52,37.0373,-95.6164,78.85,62,90,5.75
124,Ordu,TR,2021-10-11 00:28:52,40.9086,37.6845,46.9,90,10,3.42
125,Waingapu,ID,2021-10-11 00:28:53,-9.6567,120.2641,81.9,54,48,1.9
126,Saint George,US,2021-10-11 00:27:06,37.1041,-113.5841,73.63,27,1,1.99
127,Lorengau,PG,2021-10-11 00:28:53,-2.0226,147.2712,85.19,66,72,3.6
128,Dhidhdhoo,MV,2021-10-11 00:28:53,6.8833,73.1,82.89,79,100,20.45
129,New Norfolk,AU,2021-10-11 00:24:22,-42.7826,147.0587,55.65,37,85,4.72
130,Tasiilaq,GL,2021-10-11 00:24:45,65.6145,-37.6368,32.16,53,5,3.04
131,Pevek,RU,2021-10-11 00:28:54,69.7008,170.3133,23.61,92,100,5.19
132,Itaituba,BR,2021-10-11 00:28:54,-4.2761,-55.9836,85.19,53,87,1.99
133,Kahului,US,2021-10-11 00:28:10,20.8947,-156.47,82.42,80,40,25.32
134,Salamiyah,SY,2021-10-11 00:28:55,35.0113,37.0532,66.51,54,37,2.77
135,Avarua,CK,2021-10-11 00:28:55,-21.2078,-159.775,77.05,73,100,8.05
136,Narsaq,GL,2021-10-11 00:28:56,60.9167,-46.05,30.42,47,19,2.42
137,Tuktoyaktuk,CA,2021-10-11 00:24:30,69.4541,-133.0374,30.2,86,75,6.91
138,Belyy Yar,RU,2021-10-11 00:28:56,53.6039,91.3903,44.49,57,0,6.71
139,Moose Factory,CA,2021-10-11 00:28:56,51.2585,-80.6094,66.2,82,40,8.05
140,Airai,TL,2021-10-11 00:24:22,-8.9266,125.4092,74.25,45,97,1.99
141,Maldonado,UY,2021-10-11 00:28:57,-34.6667,-54.9167,60.19,81,100,12.97
142,Longkou,CN,2021-10-11 00:28:57,37.6508,120.3286,62.87,43,26,13.67
143,Saint-Philippe,RE,2021-10-11 00:28:57,-21.3585,55.7679,71.15,88,6,5.32
144,Vila Do Maio,CV,2021-10-11 00:28:58,15.1333,-23.2167,79.59,79,0,15.12
145,Tautira,PF,2021-10-11 00:28:58,-17.7333,-149.15,84.22,76,80,10.27
146,Vila Franca Do Campo,PT,2021-10-11 00:28:58,37.7167,-25.4333,72.01,88,100,10.94
147,Lakes Entrance,AU,2021-10-11 00:29:00,-37.8811,147.981,57.16,59,12,7.7
148,Vanavara,RU,2021-10-11 00:29:00,60.34,102.2797,26.13,89,74,9.46
149,Hun,LY,2021-10-11 00:29:01,29.1268,15.9477,71.65,52,0,7.92
150,Pizhanka,RU,2021-10-11 00:29:01,57.4604,48.542,43.9,96,97,8.81
151,Tibiri,NE,2021-10-11 00:29:01,13.5627,7.0485,85.21,17,100,3.13
152,Vestmannaeyjar,IS,2021-10-11 00:25:21,63.4427,-20.2734,42.57,72,39,12.08
153,Isangel,VU,2021-10-11 00:25:28,-19.55,169.2667,82.51,65,75,5.75
154,Kunming,CN,2021-10-11 00:29:02,25.0389,102.7183,53.53,94,90,11.18
155,Griffith,US,2021-10-11 00:29:03,41.5284,-87.4237,77.95,67,1,1.01
156,Kodiak,US,2021-10-11 00:29:03,57.79,-152.4072,45.45,69,100,9.48
157,Latung,PH,2021-10-11 00:29:03,5.5,120.8833,84.15,77,78,9.13
158,Yerbogachen,RU,2021-10-11 00:29:04,61.2767,108.0108,30.22,84,100,11.12
159,Erbach,DE,2021-10-11 00:29:04,49.6561,8.9964,47.08,93,36,1.88
160,Verkhnevilyuysk,RU,2021-10-11 00:29:04,63.4453,120.3167,31.21,87,99,13.33
161,Nizwa,OM,2021-10-11 00:29:04,22.9333,57.5333,81.73,41,1,0.89
162,Hobart,AU,2021-10-11 00:29:05,-42.8794,147.3294,56.01,49,20,3.0
163,Norman Wells,CA,2021-10-11 00:29:05,65.282,-126.8329,32.04,86,75,10.36
164,Nobres,BR,2021-10-11 00:29:05,-14.7203,-56.3275,87.46,47,67,4.0
165,Vila Velha,BR,2021-10-11 00:29:06,-20.3297,-40.2925,67.95,100,90,2.3
166,Pombas,CV,2021-10-11 00:29:06,17.1503,-25.0201,74.98,82,6,12.08
167,La Seyne-Sur-Mer,FR,2021-10-11 00:29:07,43.0982,5.8847,60.89,68,2,9.06
168,Hobyo,SO,2021-10-11 00:29:08,5.3505,48.5268,78.33,88,48,15.86
169,Vaini,TO,2021-10-11 00:29:08,-21.2,-175.2,77.16,83,75,9.22
170,Praia,CV,2021-10-11 00:26:11,14.9215,-23.5087,79.34,78,20,17.27
171,Puerto Quijarro,BO,2021-10-11 00:29:08,-17.7833,-57.7667,86.79,48,49,3.06
172,Allapalli,IN,2021-10-11 00:29:09,19.4167,80.0667,69.24,82,9,3.36
173,Saravan,AM,2021-10-11 00:29:09,39.7196,45.6483,36.25,44,0,4.88
174,Chiang Klang,TH,2021-10-11 00:29:09,19.2938,100.8617,74.53,94,100,2.01
175,Dongying,CN,2021-10-11 00:26:51,37.4564,118.4856,57.7,53,30,6.55
176,Kijang,KR,2021-10-11 00:29:10,35.2442,129.2139,76.73,87,97,13.62
177,Sitka,US,2021-10-11 00:29:10,57.0531,-135.33,49.89,76,75,3.44
178,Erdenet,MN,2021-10-11 00:29:10,49.0333,104.0833,34.86,51,2,2.91
179,Istok,XK,2021-10-11 00:29:11,42.7808,20.4875,53.17,93,100,5.84
180,Salalah,OM,2021-10-11 00:29:11,17.0151,54.0924,80.69,78,75,3.44
181,Kaitangata,NZ,2021-10-11 00:29:12,-46.2817,169.8464,53.67,76,100,5.75
182,Atocha,BO,2021-10-11 00:29:12,-20.9333,-66.2333,54.46,7,0,21.43
183,Oranjemund,NA,2021-10-11 00:29:12,-28.55,16.4333,75.76,22,3,8.16
184,Yar-Sale,RU,2021-10-11 00:24:13,66.8333,70.8333,26.78,82,53,7.14
185,Naryan-Mar,RU,2021-10-11 00:29:12,67.6713,53.087,30.69,95,100,9.95
186,Le Vauclin,MQ,2021-10-11 00:29:13,14.5452,-60.8388,79.84,88,0,5.75
187,Grindavik,IS,2021-10-11 00:25:17,63.8424,-22.4338,39.15,93,75,2.3
188,Saskylakh,RU,2021-10-11 00:29:13,71.9167,114.0833,23.13,96,100,8.63
189,Axim,GH,2021-10-11 00:29:14,4.8699,-2.2405,75.85,91,100,6.11
190,Quatre Cocos,MU,2021-10-11 00:29:14,-20.2078,57.7625,73.51,92,98,8.05
191,Honiara,SB,2021-10-11 00:29:14,-9.4333,159.95,84.65,75,89,5.44
192,Ola,RU,2021-10-11 00:29:15,59.5833,151.2833,33.84,48,0,12.1
193,Cidreira,BR,2021-10-11 00:29:15,-30.1811,-50.2056,64.99,80,99,20.2
194,Muros,ES,2021-10-11 00:29:15,42.7762,-9.0603,63.23,73,2,9.64
195,Khatanga,RU,2021-10-11 00:29:15,71.9667,102.5,15.94,96,100,5.41
196,Nhulunbuy,AU,2021-10-11 00:25:17,-12.2333,136.7667,84.81,61,40,11.5
197,Mata,PT,2021-10-11 00:29:16,40.683,-7.4592,57.92,59,69,5.66
198,Kawalu,ID,2021-10-11 00:29:16,-7.3817,108.2082,74.68,85,70,1.1
199,Cap Malheureux,MU,2021-10-11 00:29:17,-19.9842,57.6142,73.89,92,98,3.0
200,Neuquen,AR,2021-10-11 00:29:17,-38.9516,-68.0591,73.29,31,0,5.75
201,Tessalit,ML,2021-10-11 00:29:17,20.1986,1.0114,83.55,11,90,7.81
202,Mogok,MM,2021-10-11 00:29:17,22.9167,96.5,65.77,98,62,1.66
203,Krugersdorp,ZA,2021-10-11 00:29:18,-26.0858,27.7752,54.73,53,0,10.0
204,Petropavlovsk-Kamchatskiy,RU,2021-10-11 00:26:34,53.0452,158.6483,39.79,100,90,20.13
205,Srandakan,ID,2021-10-11 00:29:18,-7.9386,110.2506,77.76,79,95,7.74
206,Petropavl,KZ,2021-10-11 00:29:18,54.8753,69.1628,29.3,78,83,6.22
207,Beaver Dam,US,2021-10-11 00:29:19,43.4578,-88.8373,70.68,81,1,4.61
208,Matara,LK,2021-10-11 00:29:19,5.9485,80.5353,77.92,89,88,12.41
209,Shache,CN,2021-10-11 00:29:20,38.4167,77.2406,47.91,41,94,4.85
210,Jinchang,CN,2021-10-11 00:29:20,38.4953,102.1739,42.06,49,0,2.35
211,Bedesa,ET,2021-10-11 00:29:20,8.9,40.7833,63.12,89,97,0.51
212,Buala,SB,2021-10-11 00:29:21,-8.145,159.5921,84.88,71,83,5.35
213,Bayan,CN,2021-10-11 00:29:21,46.0833,127.4,46.85,54,0,12.68
214,Castlegar,CA,2021-10-11 00:29:21,49.2998,-117.6689,48.88,50,70,5.59
215,Severo-Kurilsk,RU,2021-10-11 00:24:46,50.6789,156.125,50.81,94,100,18.14
216,Villazon,BO,2021-10-11 00:29:22,-22.0866,-65.5942,60.78,7,7,13.4
217,Beyneu,KZ,2021-10-11 00:29:23,45.3167,55.2,48.54,54,59,5.86
218,Napier,NZ,2021-10-11 00:29:23,-39.4833,176.9167,60.24,56,19,7.65
219,Shubarkuduk,KZ,2021-10-11 00:29:24,49.1447,56.4872,42.37,81,28,5.59
220,La Sarre,CA,2021-10-11 00:29:24,48.8002,-79.1996,59.81,96,73,9.95
221,Ust-Koksa,RU,2021-10-11 00:29:24,50.2696,85.6108,33.73,89,100,2.17
222,Atuona,PF,2021-10-11 00:29:25,-9.8,-139.0333,78.39,76,27,19.48
223,Red Wing,US,2021-10-11 00:29:25,44.5625,-92.5338,65.84,65,1,1.01
224,Bilibino,RU,2021-10-11 00:29:25,68.0546,166.4372,5.85,95,92,1.59
225,Krasnoslobodsk,RU,2021-10-11 00:29:26,48.7072,44.5714,40.82,81,0,11.18
226,Kuandian,CN,2021-10-11 00:29:26,40.7286,124.7847,49.03,61,0,4.9
227,Pereleshinskiy,RU,2021-10-11 00:29:26,51.7148,40.1953,30.11,60,0,4.5
228,Bonavista,CA,2021-10-11 00:29:27,48.6499,-53.1147,43.12,75,58,25.34
229,Zhigalovo,RU,2021-10-11 00:29:27,54.8097,105.1578,33.89,79,60,3.96
230,Shakawe,BW,2021-10-11 00:29:27,-18.3667,21.85,70.65,26,0,10.56
231,Mocuba,MZ,2021-10-11 00:29:28,-16.8392,36.9856,71.38,89,19,5.79
232,Aljezur,PT,2021-10-11 00:29:29,37.3191,-8.8033,65.8,80,99,4.79
233,Sinnamary,GF,2021-10-11 00:29:29,5.3833,-52.95,79.86,87,81,11.65
234,Shitanjing,CN,2021-10-11 00:29:30,39.2342,106.3439,39.04,52,0,11.41
235,Morehead,US,2021-10-11 00:29:30,37.2711,-87.1764,78.51,73,1,0.0
236,Sorland,NO,2021-10-11 00:26:01,67.667,12.6934,49.64,82,97,10.76
237,Nantucket,US,2021-10-11 00:26:40,41.2835,-70.0995,64.02,91,100,25.81
238,Lagoa,PT,2021-10-11 00:29:30,39.05,-27.9833,70.39,89,100,21.79
239,Izhma,RU,2021-10-11 00:29:31,65.0083,53.9113,33.19,98,100,6.04
240,Muisne,EC,2021-10-11 00:29:31,0.6,-80.0333,74.68,85,100,7.72
241,Nikolskoye,RU,2021-10-11 00:29:31,59.7035,30.7861,50.4,70,12,8.59
242,Mantua,IT,2021-10-11 00:29:32,45.1667,10.7833,52.7,83,2,2.15
243,Dhali,IN,2021-10-11 00:29:32,10.5,77.1667,75.25,85,99,4.94
244,Thunder Bay,CA,2021-10-11 00:24:37,48.4001,-89.3168,64.56,99,90,18.41
245,Cherskiy,RU,2021-10-11 00:29:33,68.75,161.3,10.99,91,71,5.14
246,Mount Darwin,ZW,2021-10-11 00:29:33,-16.7725,31.5838,64.04,78,11,12.06
247,Gigmoto,PH,2021-10-11 00:29:33,13.7796,124.39,84.02,81,76,16.15
248,Kindersley,CA,2021-10-11 00:29:33,51.4668,-109.1682,62.38,38,75,8.05
249,Morant Bay,JM,2021-10-11 00:29:34,17.8815,-76.4093,83.82,78,66,5.08
250,Yaan,NG,2021-10-11 00:29:34,7.3833,8.5667,71.96,95,85,5.08
251,Iberia,US,2021-10-11 00:29:34,29.9502,-91.7507,78.87,83,1,5.75
252,Itarema,BR,2021-10-11 00:29:35,-2.9248,-39.9167,79.38,75,6,16.33
253,Povenets,RU,2021-10-11 00:29:35,62.8487,34.8262,50.7,91,100,11.99
254,Takaungu,KE,2021-10-11 00:29:35,-3.6837,39.8566,75.96,85,33,11.9
255,Ambon,ID,2021-10-11 00:29:36,-3.6954,128.1814,84.34,89,20,2.3
256,Marmande,FR,2021-10-11 00:29:36,44.5,0.1667,49.87,95,57,4.79
257,Bogdana,RO,2021-10-11 00:29:36,43.9333,25.0833,48.63,62,97,11.59
258,Kudahuvadhoo,MV,2021-10-11 00:29:37,2.6708,72.8944,82.87,75,98,14.85
259,Ostrovnoy,RU,2021-10-11 00:26:22,68.0531,39.5131,42.91,94,100,3.96
260,Longyearbyen,SJ,2021-10-11 00:29:37,78.2186,15.6401,28.24,74,75,8.05
261,San Patricio,US,2021-10-11 00:29:38,28.017,-97.5169,86.09,73,40,18.66
262,Cantagallo,CO,2021-10-11 00:29:38,7.376,-73.9196,76.05,93,72,1.61
263,Barranca,PE,2021-10-11 00:29:38,-10.75,-77.7667,62.74,88,52,6.6
264,Luderitz,NA,2021-10-11 00:29:39,-26.6481,15.1594,71.1,35,6,4.21
265,Akhmim,EG,2021-10-11 00:29:39,26.5622,31.745,82.53,22,16,4.97
266,Black Diamond,US,2021-10-11 00:29:40,47.3087,-122.0032,53.89,86,96,5.03
267,Pacasmayo,PE,2021-10-11 00:29:40,-7.4006,-79.5714,64.94,87,36,13.78
268,Lujan,AR,2021-10-11 00:29:40,-34.5703,-59.105,64.04,83,100,1.99
269,Koslan,RU,2021-10-11 00:29:41,63.4564,48.8989,46.76,97,100,10.04
270,Zaysan,KZ,2021-10-11 00:29:41,47.4667,84.8667,44.4,50,100,8.34
271,Harper,LR,2021-10-11 00:29:41,4.375,-7.7169,77.76,88,98,9.53
272,Shimoda,JP,2021-10-11 00:29:42,34.6667,138.95,79.16,72,14,10.13
273,Hambantota,LK,2021-10-11 00:29:42,6.1241,81.1185,79.14,100,75,6.91
274,Yangambi,CD,2021-10-11 00:29:42,0.8102,24.4336,70.88,98,100,1.99
275,Macomb,US,2021-10-11 00:25:25,40.4592,-90.6718,77.04,73,90,6.91
276,Esna,EG,2021-10-11 00:29:43,25.2934,32.554,87.84,19,21,5.66
277,Mandera,KE,2021-10-11 00:29:43,3.9366,41.867,80.2,62,99,16.58
278,Batemans Bay,AU,2021-10-11 00:26:43,-35.7167,150.1833,61.2,49,93,8.01
279,Abu Dhabi,AE,2021-10-11 00:28:13,24.4667,54.3667,86.02,62,0,4.61
280,Cabo San Lucas,MX,2021-10-11 00:29:44,22.8909,-109.9124,89.62,72,1,3.0
281,Ucluelet,CA,2021-10-11 00:24:56,48.9329,-125.5528,52.09,76,99,5.01
282,Chokwe,MZ,2021-10-11 00:29:44,-24.5333,32.9833,64.15,61,21,10.27
283,Almeirim,BR,2021-10-11 00:29:45,-1.5233,-52.5817,80.04,73,64,5.97
284,Peace River,CA,2021-10-11 00:29:45,56.2501,-117.286,41.31,70,75,12.66
285,Faanui,PF,2021-10-11 00:29:45,-16.4833,-151.75,79.79,74,44,12.84
286,Poya,NC,2021-10-11 00:29:46,-21.35,165.15,79.92,48,6,5.3
287,Margate,GB,2021-10-11 00:26:15,51.3813,1.3862,53.69,82,58,1.99
288,San Juan,AR,2021-10-11 00:29:46,-31.5375,-68.5364,70.95,31,2,6.82
289,Half Moon Bay,US,2021-10-11 00:29:46,37.4636,-122.4286,82.22,62,1,3.0
290,Lunca,RO,2021-10-11 00:29:47,43.8333,24.7667,50.14,62,100,12.97
291,Luba,GQ,2021-10-11 00:29:47,3.4568,8.5547,78.33,86,100,1.34
292,Anori,BR,2021-10-11 00:29:47,-3.7728,-61.6442,80.6,67,94,1.52
293,Whitehorse,CA,2021-10-11 00:24:54,60.7161,-135.0538,44.02,60,75,5.01
294,Touros,BR,2021-10-11 00:29:47,-5.1989,-35.4608,79.7,77,25,14.05
295,Santa Helena De Goias,BR,2021-10-11 00:29:48,-17.8136,-50.5969,72.39,88,100,8.72
296,Fortuna,US,2021-10-11 00:28:31,40.5982,-124.1573,62.47,67,64,5.99
297,Labrea,BR,2021-10-11 00:29:48,-7.2586,-64.7981,82.08,56,43,2.06
298,Vokhma,RU,2021-10-11 00:29:49,58.9303,46.7586,46.45,91,100,7.94
299,Tutoia,BR,2021-10-11 00:29:49,-2.7619,-42.2744,80.24,78,37,14.58
300,Gimli,CA,2021-10-11 00:29:47,50.6336,-96.9907,51.82,100,100,6.91
301,Huilong,CN,2021-10-11 00:29:49,31.8111,121.655,70.03,87,100,23.13
302,Ahipara,NZ,2021-10-11 00:29:49,-35.1667,173.1667,61.18,60,91,9.84
303,Yarim,YE,2021-10-11 00:29:50,14.298,44.3779,55.29,50,44,7.14
304,Alice Springs,AU,2021-10-11 00:29:50,-23.7,133.8833,54.95,88,75,9.22
305,Champasak,LA,2021-10-11 00:29:50,14.75,106.0,77.88,98,100,1.66
306,Balikpapan,ID,2021-10-11 00:29:51,-1.2675,116.8289,79.79,89,40,2.3
307,Nchelenge,ZM,2021-10-11 00:29:51,-9.3451,28.734,78.39,40,68,2.19
308,Beringovskiy,RU,2021-10-11 00:29:52,63.05,179.3167,28.53,85,96,12.01
309,Corinto,GR,2021-10-11 00:25:47,37.9407,22.9573,71.46,87,32,2.59
310,Buluang,PH,2021-10-11 00:29:52,13.3068,123.3425,81.93,88,91,13.13
311,Zolotonosha,UA,2021-10-11 00:29:52,49.6689,32.0377,43.75,55,87,7.25
312,Ketchikan,US,2021-10-11 00:29:53,55.3422,-131.6461,48.67,87,90,9.22
313,Leninskoye,KZ,2021-10-11 00:29:53,41.7589,69.3864,44.38,50,1,2.3
314,Port Hawkesbury,CA,2021-10-11 00:29:53,45.6169,-61.3485,55.58,86,1,1.01
315,Kyrylivka,UA,2021-10-11 00:29:53,46.3759,35.3675,54.27,71,5,16.35
316,Andapa,MG,2021-10-11 00:29:54,-14.65,49.65,57.18,91,37,3.27
317,Nemuro,JP,2021-10-11 00:25:30,43.3236,145.575,59.43,92,100,15.12
318,San Cristobal,VE,2021-10-11 00:29:54,7.7669,-72.225,73.58,99,93,1.16
319,Geraldton,AU,2021-10-11 00:29:54,-28.7667,114.6,61.21,72,40,4.61
320,Lagos,NG,2021-10-11 00:29:54,6.5833,3.75,79.12,95,100,3.69
321,Pitimbu,BR,2021-10-11 00:29:56,-7.4706,-34.8086,77.59,78,51,8.88
322,Korla,CN,2021-10-11 00:29:56,41.7597,86.1469,46.47,43,61,2.64
323,Huarmey,PE,2021-10-11 00:29:56,-10.0681,-78.1522,64.42,88,53,7.52
324,Ryazanovskiy,RU,2021-10-11 00:29:57,55.55,39.4333,39.61,76,49,4.63
325,Newport,GB,2021-10-11 00:29:57,51.5877,-2.9984,51.64,87,31,5.41
326,Qaqortoq,GL,2021-10-11 00:29:57,60.7167,-46.0333,30.7,50,19,3.53
327,Ancud,CL,2021-10-11 00:29:58,-41.8697,-73.8203,50.43,88,100,6.26
328,Lavrentiya,RU,2021-10-11 00:29:58,65.5833,-171.0,30.67,79,54,3.47
329,Dakar,SN,2021-10-11 00:28:23,14.6937,-17.4441,79.68,89,20,0.0
330,Quang Ngai,VN,2021-10-11 00:26:24,15.1167,108.8,78.06,90,98,3.09
331,Pulandian,CN,2021-10-11 00:29:58,39.3953,121.9669,59.13,47,22,7.0
332,Ribeira Grande,PT,2021-10-11 00:29:59,38.5167,-28.7,69.48,92,100,25.68
333,Aranos,NA,2021-10-11 00:29:59,-24.1333,19.1167,61.79,17,0,8.93
334,Medina Del Campo,ES,2021-10-11 00:29:59,41.3124,-4.9141,50.74,65,88,6.87
335,Zomin,UZ,2021-10-11 00:30:00,39.9606,68.3958,42.22,44,0,2.26
336,Parabel,RU,2021-10-11 00:30:00,58.6978,81.4825,25.66,72,1,5.41
337,Rawson,AR,2021-10-11 00:30:01,-43.3002,-65.1023,59.9,57,0,7.31
338,Plettenberg Bay,ZA,2021-10-11 00:30:01,-34.0527,23.3716,61.75,48,100,6.08
339,Sierning,AT,2021-10-11 00:30:03,48.0436,14.3082,42.24,83,22,2.62
340,Boa Vista,BR,2021-10-11 00:28:15,2.8197,-60.6733,80.58,74,75,8.05
341,Kourou,GF,2021-10-11 00:26:08,5.1552,-52.6478,83.1,85,77,9.69
342,Dunedin,NZ,2021-10-11 00:25:41,-45.8742,170.5036,55.8,71,100,8.99
343,Kamina,CD,2021-10-11 00:30:04,-8.7386,24.9906,72.97,54,99,4.29
344,Ha Giang,VN,2021-10-11 00:27:55,22.8333,104.9833,71.83,99,100,3.96
345,Nyurba,RU,2021-10-11 00:30:05,63.2842,118.3319,32.86,66,100,14.03
346,Mbuji-Mayi,CD,2021-10-11 00:30:06,-6.15,23.6,73.54,77,94,3.13
347,Holme,DK,2021-10-11 00:30:07,56.1138,10.1725,49.57,90,94,9.89
348,Sao Jose Da Coroa Grande,BR,2021-10-11 00:26:35,-8.8978,-35.1478,76.37,83,68,8.23
349,Upington,ZA,2021-10-11 00:30:08,-28.4478,21.2561,55.78,13,0,3.44
350,Sultepec,MX,2021-10-11 00:30:08,18.8667,-99.95,69.69,97,39,1.52
351,Karratha,AU,2021-10-11 00:30:09,-20.7377,116.8463,80.56,33,2,21.65
352,Lukovetskiy,RU,2021-10-11 00:30:10,64.2956,41.9211,49.98,95,100,8.75
353,Chuy,UY,2021-10-11 00:25:38,-33.6971,-53.4616,60.6,78,97,13.8
354,Yorkton,CA,2021-10-11 00:29:15,51.2167,-102.4677,58.84,38,40,5.75
355,Khudumelapye,BW,2021-10-11 00:30:11,-23.8833,24.75,59.76,71,0,17.29
356,Kasempa,ZM,2021-10-11 00:30:11,-13.4584,25.8338,70.93,31,91,6.38
357,Uaua,BR,2021-10-11 00:30:12,-9.8414,-39.4817,77.02,49,100,15.3
358,Port Blair,IN,2021-10-11 00:30:12,11.6667,92.75,78.84,89,75,5.75
359,Esperance,AU,2021-10-11 00:30:13,-33.8667,121.9,64.24,37,100,24.79
360,Labuhan,ID,2021-10-11 00:30:14,-6.8844,112.2051,83.86,62,100,10.16
361,Panzhihua,CN,2021-10-11 00:30:14,26.5851,101.7128,67.96,83,100,1.19
362,Zhigansk,RU,2021-10-11 00:26:27,66.7697,123.3711,32.5,97,100,13.33
363,Bubaque,GW,2021-10-11 00:30:16,11.2833,-15.8333,82.26,78,56,8.03
364,Bandundu,CD,2021-10-11 00:30:16,-3.3167,17.3667,74.44,94,100,3.69
365,Bowen,AU,2021-10-11 00:26:00,-20.0167,148.2333,80.82,55,8,8.97
366,Paamiut,GL,2021-10-11 00:30:16,61.994,-49.6678,37.24,59,100,6.96
367,Ibadan,NG,2021-10-11 00:30:17,7.3878,3.8964,72.12,98,100,3.06
368,Coquimbo,CL,2021-10-11 00:30:17,-29.9533,-71.3436,56.93,76,0,4.61
369,Eichenzell,DE,2021-10-11 00:30:17,50.4934,9.6961,40.42,98,53,3.36
370,Tomatlan,MX,2021-10-11 00:30:18,19.9333,-105.25,78.62,89,100,1.97
371,Mount Gambier,AU,2021-10-11 00:30:18,-37.8333,140.7667,51.71,66,90,10.36
372,Namatanai,PG,2021-10-11 00:30:18,-3.6667,152.4333,84.58,69,37,4.09
373,Thompson,CA,2021-10-11 00:30:19,55.7435,-97.8558,42.96,93,40,3.44
374,Forssa,FI,2021-10-11 00:30:19,60.8146,23.6215,50.49,89,100,11.9
375,Dubbo,AU,2021-10-11 00:25:33,-32.25,148.6167,59.13,67,90,5.75
376,Rafai,CF,2021-10-11 00:30:19,4.95,23.9167,70.38,97,100,0.76
377,Prince Rupert,CA,2021-10-11 00:30:20,54.3161,-130.3201,47.89,93,90,5.75
378,Anadyr,RU,2021-10-11 00:30:20,64.75,177.4833,23.5,92,75,8.01
379,Antalaha,MG,2021-10-11 00:30:20,-14.9003,50.2788,64.33,87,10,6.49
380,Ixtapa,MX,2021-10-11 00:30:21,20.7,-105.2,88.83,70,75,8.05
381,Escanaba,US,2021-10-11 00:30:21,45.7453,-87.0646,69.21,94,1,13.8
382,Aswan,EG,2021-10-11 00:30:18,24.0934,32.907,85.73,24,0,8.81
383,Svetlogorsk,BY,2021-10-11 00:30:21,52.6333,29.7333,36.79,70,18,3.8
384,Athens,GR,2021-10-11 00:26:56,37.9795,23.7162,70.95,91,17,1.99
385,Kununurra,AU,2021-10-11 00:30:22,-15.7667,128.7333,85.98,62,40,5.75
386,Alofi,NU,2021-10-11 00:30:22,-19.0595,-169.9187,80.49,74,100,4.61
387,Nuuk,GL,2021-10-11 00:30:23,64.1835,-51.7216,39.81,70,75,8.05
388,Valdosta,US,2021-10-11 00:30:23,30.8327,-83.2785,71.8,86,1,0.0
389,Leningradskiy,RU,2021-10-11 00:30:23,69.3833,178.4167,23.76,93,100,4.21
390,Pleshanovo,RU,2021-10-11 00:30:24,52.8333,53.4833,44.01,74,97,2.68
391,Thanh Hoa,VN,2021-10-11 00:25:34,19.8,105.7667,74.75,97,100,4.25
392,Bathsheba,BB,2021-10-11 00:30:24,13.2167,-59.5167,83.01,78,40,18.41
393,Fort Saint James,CA,2021-10-11 00:30:24,54.4333,-124.25,41.27,60,87,6.24
394,Riyadh,SA,2021-10-11 00:26:33,24.6877,46.7219,75.34,18,0,2.04
395,Safaga,EG,2021-10-11 00:30:25,26.7292,33.9365,83.1,45,6,9.24
396,Vilhena,BR,2021-10-11 00:26:17,-12.7406,-60.1458,77.54,57,26,3.98
397,San Jose,US,2021-10-11 00:27:49,37.3394,-121.895,83.71,37,20,5.01
398,Samarai,PG,2021-10-11 00:30:25,-10.6167,150.6667,78.82,81,100,6.91
399,Kamaishi,JP,2021-10-11 00:30:25,39.2667,141.8833,70.75,74,68,14.34
400,Otofuke,JP,2021-10-11 00:30:26,42.9917,143.2003,61.75,79,100,20.22
401,Mastic Beach,US,2021-10-11 00:30:26,40.7668,-72.8521,65.1,88,90,1.01
402,Santiago De Cuba,CU,2021-10-11 00:30:26,20.0247,-75.8219,83.82,78,40,4.61
403,Conde,BR,2021-10-11 00:30:26,-7.2597,-34.9075,76.46,83,20,4.61
404,Diphu,IN,2021-10-11 00:30:27,25.8333,93.4333,75.7,94,25,0.76
405,Lompoc,US,2021-10-11 00:30:27,34.6391,-120.4579,80.78,69,1,14.97
406,Alta Floresta,BR,2021-10-11 00:30:27,-9.8756,-56.0861,77.88,70,98,3.18
407,Kifri,IQ,2021-10-11 00:30:28,34.6959,44.9661,74.66,14,0,8.52
408,Dudinka,RU,2021-10-11 00:30:28,69.4058,86.1778,20.12,92,92,6.04
409,Colares,PT,2021-10-11 00:30:28,38.7992,-9.4469,73.33,60,100,3.0
410,Hammerfest,NO,2021-10-11 00:30:28,70.6634,23.6821,43.25,100,75,3.44
411,Storforshei,NO,2021-10-11 00:30:29,66.4043,14.5233,43.66,96,100,2.64
412,Gat,IL,2021-10-11 00:26:12,31.61,34.7642,70.39,67,0,4.61
413,Camana,PE,2021-10-11 00:30:29,-16.6228,-72.7111,63.48,86,63,8.55
414,Candelaria,PH,2021-10-11 00:30:29,13.9311,121.4233,86.4,84,97,13.98
415,Sao Geraldo Do Araguaia,BR,2021-10-11 00:30:30,-6.4006,-48.555,84.92,48,100,4.21
416,Maneadero,MX,2021-10-11 00:30:30,31.7167,-116.5667,78.19,76,0,5.23
417,El Alto,PE,2021-10-11 00:30:30,-4.2714,-81.2147,63.64,87,36,15.3
418,California City,US,2021-10-11 00:30:31,35.1258,-117.9859,80.01,13,1,8.99
419,Rafaela,AR,2021-10-11 00:30:31,-31.2503,-61.4867,62.98,73,34,3.0
420,Ust-Tsilma,RU,2021-10-11 00:30:31,65.441,52.1498,34.48,99,100,2.93
421,Skibbereen,IE,2021-10-11 00:30:32,51.55,-9.2667,49.8,85,10,5.46
422,Hami,CN,2021-10-11 00:30:32,42.8,93.45,46.45,27,6,5.3
423,Chilca,PE,2021-10-11 00:30:32,-12.5211,-76.7372,61.09,91,100,8.55
424,Kidal,ML,2021-10-11 00:26:11,18.4411,1.4078,84.65,10,98,9.4
425,Kars,TR,2021-10-11 00:30:33,40.602,43.095,37.85,100,0,3.44
426,Copiapo,CL,2021-10-11 00:28:06,-27.3667,-70.3333,53.29,23,13,1.21
427,Shubarshi,KZ,2021-10-11 00:30:33,48.5872,57.1869,41.32,78,17,3.36
428,Usinsk,RU,2021-10-11 00:30:33,65.9939,57.5281,28.65,94,100,14.67
429,Taltal,CL,2021-10-11 00:26:17,-25.4,-70.4833,64.96,52,6,4.56
430,Pannonhalma,HU,2021-10-11 00:30:34,47.5495,17.7554,50.4,76,0,4.61
431,Bardiyah,LY,2021-10-11 00:30:34,31.7561,25.0865,72.59,75,0,8.63
432,Garca,BR,2021-10-11 00:30:34,-22.2106,-49.6561,65.39,88,100,7.02
433,Cabedelo,BR,2021-10-11 00:26:31,-6.9811,-34.8339,77.67,77,21,12.17
434,Yangjiang,CN,2021-10-11 00:30:34,21.85,111.9667,79.95,79,64,12.24
435,Carutapera,BR,2021-10-11 00:30:35,-1.195,-46.02,79.68,78,4,7.92
436,Hay River,CA,2021-10-11 00:30:35,60.8156,-115.7999,40.98,60,75,16.11
437,Kraslava,LV,2021-10-11 00:30:36,55.8951,27.168,35.22,90,7,5.08
438,Kushima,JP,2021-10-11 00:30:36,31.4583,131.2333,80.11,75,36,6.13
439,Tuatapere,NZ,2021-10-11 00:30:36,-46.1333,167.6833,47.82,94,100,5.08
440,Omboue,GA,2021-10-11 00:26:37,-1.5746,9.2618,76.24,86,100,3.33
441,Angoche,MZ,2021-10-11 00:30:36,-16.2325,39.9086,74.7,88,6,4.52
442,Agirish,RU,2021-10-11 00:30:37,61.9247,63.0231,28.69,57,100,6.73
443,Upernavik,GL,2021-10-11 00:30:37,72.7868,-56.1549,33.84,94,100,11.21
444,Rio Gallegos,AR,2021-10-11 00:26:14,-51.6226,-69.2181,48.25,40,0,10.36
445,Yakeshi,CN,2021-10-11 00:30:37,49.2833,120.7333,42.42,63,0,10.22
446,Badian,PH,2021-10-11 00:30:38,9.8647,123.3964,82.58,78,95,16.11
447,Salta,AR,2021-10-11 00:30:32,-24.7859,-65.4117,72.19,59,75,5.01
448,Genhe,CN,2021-10-11 00:30:38,50.7833,121.5167,40.84,68,5,3.58
449,Dehloran,IR,2021-10-11 00:30:38,32.6941,47.2679,79.68,12,0,4.85
450,Lima,PE,2021-10-11 00:30:04,-12.0432,-77.0282,59.4,75,90,11.5
451,Abha,SA,2021-10-11 00:30:39,18.2164,42.5053,62.85,24,0,5.75
452,Imbituba,BR,2021-10-11 00:30:39,-28.24,-48.6703,67.89,78,70,11.23
453,Gillette,US,2021-10-11 00:30:39,44.2911,-105.5022,56.05,51,2,6.17
454,Bilma,NE,2021-10-11 00:30:40,18.6853,12.9164,79.92,12,24,7.61
455,Pahrump,US,2021-10-11 00:30:40,36.2083,-115.9839,78.26,17,0,1.01
456,Deputatskiy,RU,2021-10-11 00:30:40,69.3,139.9,23.16,79,100,3.31
457,Inhambane,MZ,2021-10-11 00:30:41,-23.865,35.3833,69.04,54,89,19.19
458,Madeji,PK,2021-10-11 00:30:41,27.7544,68.4526,75.22,15,0,1.3
459,Primo Tapia,MX,2021-10-11 00:30:41,32.22,-116.9172,82.89,51,0,8.43
460,Tabatinga,BR,2021-10-11 00:30:42,-4.2525,-69.9381,80.69,89,0,0.0
461,Impfondo,CG,2021-10-11 00:30:42,1.6381,18.0667,68.04,99,79,2.62
462,Broome,US,2021-10-11 00:30:42,42.2506,-75.833,64.2,78,75,1.01
463,Ngunguru,NZ,2021-10-11 00:30:43,-35.6167,174.5,69.17,57,85,9.42
464,Kloulklubed,PW,2021-10-11 00:30:43,7.0419,134.2556,84.7,77,98,13.6
465,Trairi,BR,2021-10-11 00:29:43,-3.2778,-39.2689,79.43,72,5,11.61
466,Nyuksenitsa,RU,2021-10-11 00:30:43,60.4128,44.2397,43.79,93,86,7.99
467,Darien,US,2021-10-11 00:30:44,41.752,-87.974,76.51,76,75,3.0
468,Praia Da Vitoria,PT,2021-10-11 00:30:44,38.7333,-27.0667,72.75,94,100,14.18
469,Santa Maria,BR,2021-10-11 00:30:29,-29.6842,-53.8069,69.1,83,20,12.66
470,Santa Rosa,PH,2021-10-11 00:30:44,14.3122,121.1114,86.11,78,100,18.86
471,Kajaani,FI,2021-10-11 00:30:16,64.2273,27.7285,48.25,93,90,10.36
472,Port Hedland,AU,2021-10-11 00:30:45,-20.3167,118.5667,82.45,15,7,13.8
473,Pacific Grove,US,2021-10-11 00:29:00,36.6177,-121.9166,79.29,77,1,1.99
474,Sainte-Suzanne,RE,2021-10-11 00:30:45,-20.9061,55.6089,71.78,84,90,4.61
475,Salinas,US,2021-10-11 00:30:46,36.6777,-121.6555,79.7,67,1,9.22
476,Fredericksburg,US,2021-10-11 00:30:30,38.3032,-77.4605,70.41,83,90,1.01
477,Banyo,CM,2021-10-11 00:30:46,6.75,11.8167,63.18,91,100,2.98
478,Cascais,PT,2021-10-11 00:30:46,38.6979,-9.4215,73.51,61,100,3.0
479,San Quintin,MX,2021-10-11 00:30:47,30.4833,-115.95,68.56,70,0,10.07
480,Lerwick,GB,2021-10-11 00:29:05,60.1545,-1.1494,46.4,77,33,23.17
481,Asfi,MA,2021-10-11 00:30:47,32.2994,-9.2372,67.93,88,20,7.99
482,Biak,ID,2021-10-11 00:30:47,-0.9131,122.8766,81.36,73,100,6.62
483,Alakurtti,RU,2021-10-11 00:30:47,66.9672,30.3491,48.63,99,100,3.24
484,Phalaborwa,ZA,2021-10-11 00:30:48,-23.943,31.1411,58.35,72,26,13.67
485,Hof,DE,2021-10-11 00:30:49,50.3167,11.9167,42.04,80,0,4.0
486,Saint-Joseph,RE,2021-10-11 00:30:49,-21.3667,55.6167,70.16,84,11,6.82
487,Lengshuijiang,CN,2021-10-11 00:30:49,27.6881,111.4294,53.8,85,100,8.39
488,Avera,US,2021-10-11 00:30:50,33.194,-82.5271,72.72,72,5,6.17
489,Carroll,US,2021-10-11 00:30:50,39.5501,-77.0164,65.98,83,90,1.01
490,Tahta,EG,2021-10-11 00:30:50,26.7693,31.5021,81.95,21,12,7.14
491,Rocha,UY,2021-10-11 00:30:51,-34.4833,-54.3333,58.73,81,100,11.43
492,Umea,SE,2021-10-11 00:30:51,63.8284,20.2597,49.93,93,90,8.05
493,Arman,RU,2021-10-11 00:30:51,59.7,150.1667,35.51,42,1,7.25
494,Pemba,MZ,2021-10-11 00:30:51,-12.974,40.5178,74.1,88,20,5.75
495,San Francisco Del Mar,MX,2021-10-11 00:30:52,16.2333,-94.65,83.64,75,0,12.08
496,Pocatello,US,2021-10-11 00:27:32,42.8713,-112.4455,55.47,45,75,8.01
497,Inirida,CO,2021-10-11 00:30:52,3.8653,-67.9239,75.2,96,42,1.34
498,Olafsvik,IS,2021-10-11 00:30:52,64.8945,-23.7142,40.26,60,97,1.79
499,Kurayoshi,JP,2021-10-11 00:30:53,35.4333,133.8167,82.31,68,98,3.44
500,Novosergiyevka,RU,2021-10-11 00:30:53,52.0934,53.6528,46.11,71,100,3.04
501,Butterworth,MY,2021-10-11 00:30:53,5.3991,100.3638,81.0,87,20,5.01
502,Shizunai,JP,2021-10-11 00:30:55,42.3339,142.3669,58.91,82,100,18.01
503,Tilichiki,RU,2021-10-11 00:30:55,60.4667,166.1,31.71,58,7,3.87
504,Tavistock,GB,2021-10-11 00:30:55,50.5494,-4.1442,52.93,91,11,4.9
505,Kerema,PG,2021-10-11 00:30:55,-7.9631,145.7785,77.92,86,100,3.38
506,Suez,EG,2021-10-11 00:30:56,29.9737,32.5263,68.97,78,0,10.96
507,Mnisek Pod Brdy,CZ,2021-10-11 00:30:56,49.8665,14.2618,40.24,73,9,3.42
508,Umm Lajj,SA,2021-10-11 00:30:56,25.0213,37.2685,86.65,47,0,7.02
509,Camiri,BO,2021-10-11 00:30:57,-20.05,-63.5167,67.73,85,100,3.87
510,Staryy Merchyk,UA,2021-10-11 00:30:58,49.9815,35.759,42.4,55,100,6.46
511,Hirado,JP,2021-10-11 00:31:00,33.3597,129.5531,84.38,69,16,2.91
512,Komsomolskiy,UZ,2021-10-11 00:31:00,40.4272,71.7189,42.22,75,0,4.61
513,Peniche,PT,2021-10-11 00:26:10,39.3558,-9.3811,73.62,70,23,2.95
514,Ravar,IR,2021-10-11 00:31:00,31.2656,56.8055,55.08,29,0,3.24
515,Saint Anthony,US,2021-10-11 00:31:01,45.0205,-93.218,62.55,68,90,5.99
516,Venado Tuerto,AR,2021-10-11 00:31:01,-33.7456,-61.9688,60.78,97,100,8.61
517,Richards Bay,ZA,2021-10-11 00:31:02,-28.783,32.0377,61.68,60,83,0.65
518,Tsiroanomandidy,MG,2021-10-11 00:31:02,-18.7667,46.0333,69.08,74,72,3.76
519,Haines Junction,CA,2021-10-11 00:31:03,60.7522,-137.5108,42.75,52,12,1.14
520,Yinchuan,CN,2021-10-11 00:30:56,38.4681,106.2731,47.03,45,0,5.26
521,Ngerengere,TZ,2021-10-11 00:31:03,-6.75,38.1167,68.04,97,86,0.74
522,Chernyshevskiy,RU,2021-10-11 00:31:04,63.0128,112.4714,26.78,64,17,13.22
523,Paramirim,BR,2021-10-11 00:31:05,-13.4425,-42.2389,79.93,48,99,6.87
524,Hofn,IS,2021-10-11 00:31:05,64.2539,-15.2082,40.24,62,0,11.86
525,Kostyantynivka,UA,2021-10-11 00:31:06,48.5277,37.7069,43.97,60,100,8.34
526,Hue,VN,2021-10-11 00:31:06,16.4667,107.6,80.71,89,40,2.3
527,Constitucion,CL,2021-10-11 00:31:07,-35.3333,-72.4167,53.11,84,0,10.51
528,Ayr,GB,2021-10-11 00:31:08,55.4627,-4.6339,52.11,87,40,8.05
529,Vardo,NO,2021-10-11 00:31:08,70.3705,31.1107,44.37,90,100,9.53
530,Burnie,AU,2021-10-11 00:31:08,-41.0667,145.9167,56.95,39,8,6.15
531,Houma,US,2021-10-11 00:31:09,29.5958,-90.7195,80.98,81,1,6.6
532,Preobrazheniye,RU,2021-10-11 00:31:09,42.9019,133.9064,56.1,43,0,6.87
533,Snezhnogorsk,RU,2021-10-11 00:31:09,69.1933,33.2531,42.58,91,100,2.64
534,Chorozinho,BR,2021-10-11 00:31:10,-4.3003,-38.4978,83.8,79,13,4.85
535,Santa Rosalia,MX,2021-10-11 00:31:10,27.3167,-112.2833,78.69,38,0,6.82
536,Mana,GF,2021-10-11 00:31:11,5.6592,-53.7767,80.67,84,89,11.81
537,Bolivar,US,2021-10-11 00:27:13,37.6145,-93.4105,77.09,67,1,14.97
538,Beloha,MG,2021-10-11 00:31:11,-25.1667,45.05,67.03,78,100,13.94
539,Moscow,RU,2021-10-11 00:29:26,55.7522,37.6156,41.23,62,22,4.25
540,Dubrovka,RU,2021-10-11 00:31:12,53.6907,33.5071,31.98,78,14,1.83
541,Arrecife,ES,2021-10-11 00:31:12,28.963,-13.5477,73.47,68,75,8.05
542,Cornesti,RO,2021-10-11 00:31:13,44.7833,25.8667,47.35,40,100,6.26
543,Sayyan,YE,2021-10-11 00:31:13,15.1718,44.3244,59.07,42,99,7.61
544,Mbabane,SZ,2021-10-11 00:31:14,-26.3167,31.1333,49.5,76,91,3.29
545,Gao,ML,2021-10-11 00:31:14,16.6362,1.637,85.93,12,100,8.55
546,Olinda,BR,2021-10-11 00:29:50,-8.0089,-34.8553,80.33,74,40,6.91
547,Nelson Bay,AU,2021-10-11 00:31:14,-32.7167,152.15,58.08,96,100,3.0
548,Pimentel,PE,2021-10-11 00:31:14,-6.8367,-79.9342,64.85,87,83,13.87
549,Khani,GE,2021-10-11 00:31:15,41.9563,42.9566,49.57,73,7,4.92
550,La Libertad,EC,2021-10-11 00:31:15,-2.2333,-80.9,68.99,85,100,10.67
551,Bocas Del Toro,PA,2021-10-11 00:31:16,9.3333,-82.25,82.08,78,100,4.16
552,Valparaiso,CL,2021-10-11 00:31:16,-33.0393,-71.6273,58.64,67,0,0.0
553,Paidha,UG,2021-10-11 00:31:16,2.4167,30.9855,63.23,90,100,3.13
554,Camacupa,AO,2021-10-11 00:31:17,-12.0167,17.4833,69.08,36,48,2.73
555,Viedma,AR,2021-10-11 00:31:17,-40.8135,-62.9967,57.56,62,0,17.02
556,Santa Vitoria Do Palmar,BR,2021-10-11 00:31:18,-33.5189,-53.3681,60.89,79,100,13.02
557,Upata,VE,2021-10-11 00:31:18,8.0086,-62.3989,81.19,83,18,4.32
558,Dwarka,IN,2021-10-11 00:31:19,22.2394,68.9678,81.18,76,5,8.19
559,Tarabuco,BO,2021-10-11 00:31:20,-19.1667,-64.9167,56.8,72,25,5.53
560,Kroonstad,ZA,2021-10-11 00:31:21,-27.6504,27.2349,54.01,51,0,11.12
561,Rio Grande,BR,2021-10-11 00:31:21,-32.035,-52.0986,63.95,78,100,19.6
562,Kidodi,TZ,2021-10-11 00:31:21,-7.6036,37.0044,68.23,85,89,2.04
563,Merrill,US,2021-10-11 00:31:22,45.1805,-89.6835,71.37,79,1,8.05
564,Egvekinot,RU,2021-10-11 00:31:22,66.3167,-179.1667,20.95,83,56,6.44
565,Chinna Salem,IN,2021-10-11 00:31:22,11.65,78.9,77.97,84,100,5.26
566,Hluti,SZ,2021-10-11 00:31:23,-27.2167,31.6167,52.63,81,2,1.74
567,Meulaboh,ID,2021-10-11 00:31:23,4.1363,96.1285,78.01,82,99,2.21
568,Malanje,AO,2021-10-11 00:31:23,-9.5402,16.341,68.04,74,100,8.1
569,Pochutla,MX,2021-10-11 00:31:24,15.7432,-96.4661,83.25,83,100,4.9
570,Goderich,CA,2021-10-11 00:31:24,43.7501,-81.7165,67.21,77,100,16.11
571,Magadan,RU,2021-10-11 00:31:25,59.5667,150.8,35.76,43,3,11.95
572,Noumea,NC,2021-10-11 00:26:50,-22.2763,166.4572,84.18,99,0,7.09
573,Aklavik,CA,2021-10-11 00:31:25,68.2191,-135.0107,30.92,85,100,6.06
574,Novobataysk,RU,2021-10-11 00:31:25,46.8981,39.7819,50.77,53,6,12.17
575,Birjand,IR,2021-10-11 00:31:25,32.8663,59.2211,36.07,20,0,6.91
576,Phulabani,IN,2021-10-11 00:31:26,20.4667,84.2333,69.3,82,11,1.99
577,Xiantao,CN,2021-10-11 00:31:26,30.3833,113.4,59.0,56,100,16.51
578,Miri,MY,2021-10-11 00:31:26,4.4148,114.0089,84.34,89,20,4.61
579,Amasya,TR,2021-10-11 00:31:27,40.6667,35.8333,49.68,86,2,1.3
580,Dossor,KZ,2021-10-11 00:31:27,47.5272,52.9811,47.64,43,0,6.96
581,Faya,SA,2021-10-11 00:31:28,18.3851,42.4509,63.12,33,10,7.49
582,Xining,CN,2021-10-11 00:31:28,36.6167,101.7667,42.6,66,3,2.13
583,Broken Hill,AU,2021-10-11 00:31:28,-31.95,141.4333,55.11,50,99,13.8
584,Ndele,CF,2021-10-11 00:31:29,8.4109,20.6473,71.28,97,99,5.12
585,Rodrigues Alves,BR,2021-10-11 00:31:29,-7.738,-72.6509,79.61,68,12,2.35
586,Barguzin,RU,2021-10-11 00:31:30,53.6167,109.6167,44.33,56,6,3.04
587,Polyarnyy,RU,2021-10-11 00:31:30,69.1989,33.4478,43.27,88,100,3.02
588,Severo-Yeniseyskiy,RU,2021-10-11 00:31:30,60.3725,93.0408,18.75,87,13,4.52
589,Voh,NC,2021-10-11 00:31:31,-20.9667,164.7,83.82,41,0,3.38
590,Papetoai,PF,2021-10-11 00:31:31,-17.4961,-149.8729,83.79,70,75,7.4
591,Bad Langensalza,DE,2021-10-11 00:31:31,51.1,10.65,45.28,89,55,5.23
592,Pedernales,DO,2021-10-11 00:31:32,18.0384,-71.744,81.03,72,1,4.05
593,Mvuma,ZW,2021-10-11 00:31:32,-19.2792,30.5283,52.79,91,100,13.42
594,Chandpur,IN,2021-10-11 00:31:33,29.15,78.2667,70.32,65,0,2.44
595,Okato,NZ,2021-10-11 00:31:34,-39.2,173.8833,59.41,69,100,12.08
596,Hualmay,PE,2021-10-11 00:31:34,-11.0964,-77.6139,63.55,88,23,7.94
